sweep,primal_med,primal_lo,primal_hi,dual_med,dual_lo,dual_hi
0,1,1,1,1,1,1
1,0.8388536526,0.824984686,0.8527226191,0.002787367989,0.00206075134,0.003513984638
2,0.7324183812,0.7119022326,0.7529345298,0.0005582668483,4.817550249e-05,0.001068358194
3,0.6486666814,0.6242185546,0.6731148082,0.0004010390226,-0.0001337994136,0.0009358774587
4,0.5762763598,0.5493422955,0.6032104242,0.0002464709462,-0.000310689642,0.0008036315343
5,0.5153584202,0.4861933615,0.5445234789,0.0001323865452,-0.0004203835639,0.0006851566543
6,0.4617040897,0.4305320999,0.4928760795,7.799632041e-05,-0.0005247110108,0.0006807036516
7,0.4150545035,0.3839943515,0.4461146556,5.642952495e-05,-0.0004979209242,0.0006107799741
8,0.3721254792,0.3406553004,0.4035956579,8.683240219e-05,-0.0003839737225,0.0005576385269
9,0.3352651638,0.3026898895,0.3678404382,-2.589930615e-05,-0.0005470904332,0.0004952918209
10,0.3014618425,0.2702490283,0.3326746567,8.98261081e-05,-0.0004185361989,0.0005981884151
11,0.2701285796,0.2393162124,0.3009409468,-4.721095367e-06,-0.0005905014898,0.0005810592991
12,0.2435812812,0.2141321979,0.2730303645,-0.0001122863616,-0.0007395312032,0.00051495848
13,0.2188058545,0.1900426715,0.2475690375,6.869967472e-05,-0.0004918583077,0.0006292576571
14,0.196470387,0.1700172187,0.2229235553,-2.17617494e-05,-0.0005007114736,0.0004571879748
15,0.1769675612,0.1502598253,0.2036752971,-3.218328296e-05,-0.0005280482365,0.0004636816706
16,0.1586354382,0.1333880944,0.1838827821,6.175139464e-05,-0.0004729626754,0.0005964654647
17,0.1424741397,0.1185378547,0.1664104247,-8.147732233e-07,-0.000620179348,0.0006185498016
18,0.127585948,0.1037620071,0.1514098888,-3.002959926e-05,-0.0005185816205,0.0004585224219
19,0.1143654617,0.09197668286,0.1367542405,-1.062445434e-05,-0.0004967116991,0.0004754627904
20,0.1024539868,0.08045042783,0.1244575458,0.0001015857891,-0.0004027881497,0.000605959728
21,0.09133280661,0.07062334507,0.1120422682,8.136077563e-05,-0.0004550262529,0.0006177478042
22,0.08189341635,0.0631155003,0.1006713324,1.079644992e-05,-0.0004920488938,0.0005136417937
23,0.07378448803,0.05644464289,0.09112433316,-5.908030308e-06,-0.0005260212949,0.0005142052343
24,0.06594060301,0.0487138044,0.08316740163,2.62880462e-05,-0.0004952458147,0.0005478219071
25,0.05882106549,0.04192044491,0.07572168607,-1.990939564e-05,-0.0005761098944,0.0005362911031
26,0.0540726741,0.03883811642,0.06930723178,3.061545069e-05,-0.0004585294669,0.0005197603682
27,0.04872073907,0.03477142244,0.06267005571,6.688082826e-06,-0.0005095705952,0.0005229467609
28,0.04378746457,0.03090232435,0.05667260478,3.75553379e-05,-0.0004620286352,0.000537139311
29,0.03965591451,0.02774702478,0.05156480424,-2.381582114e-07,-0.0005684628751,0.0005679865587
30,0.03508106733,0.02398125134,0.04618088333,3.202660981e-05,-0.0005063188053,0.000570372025
31,0.03167173533,0.02085976036,0.0424837103,2.027165514e-06,-0.00060885898,0.000612913311
32,0.02846510313,0.01783789271,0.03909231355,0.0001125355394,-0.0004295700133,0.0006546410921
33,0.02561280048,0.01524907872,0.03597652224,-7.593617267e-05,-0.0006063259762,0.0004544536308
34,0.0230922816,0.01313204229,0.03305252091,2.11549116e-05,-0.000496134419,0.0005384442422
35,0.02117400071,0.01114139359,0.03120660782,8.420953622e-06,-0.000522279648,0.0005391215553
36,0.01926838879,0.009777889181,0.02875888839,-3.135207404e-06,-0.000530305969,0.0005240355542
37,0.01744289026,0.007823758656,0.02706202187,4.097500353e-06,-0.0004710012216,0.0004791962223
38,0.01504582801,0.006569117465,0.02352253855,-0.0001605166972,-0.0007233149656,0.0004022815713
39,0.01360115945,0.00542879213,0.02177352677,3.385548515e-05,-0.0005892609187,0.000656971889
40,0.01177193499,0.004618707335,0.01892516265,0.0001309156821,-0.0003781988159,0.0006400301801
41,0.01071148304,0.004287626299,0.01713533978,7.20173005e-05,-0.0004778902838,0.0006219248848
42,0.009680384834,0.003895970108,0.01546479956,1.181718065e-05,-0.0004340533732,0.0004576877345
43,0.008779109415,0.003496812769,0.01406140606,-6.592131626e-05,-0.0007303551235,0.000598512491
44,0.007342423363,0.002384960405,0.01229988632,-9.387735427e-06,-0.0005564243489,0.0005376488781
45,0.00725544003,0.00222556012,0.01228531994,3.393256434e-05,-0.0006083256577,0.0006761907864
46,0.006782711462,0.002006967642,0.01155845528,3.807863073e-05,-0.0005371736016,0.0006133308631
47,0.00561742944,0.001013220894,0.01022163799,8.086279769e-05,-0.0004034211588,0.0005651467542
48,0.005079803665,0.0008074984908,0.00935210884,-8.650641737e-05,-0.000534891299,0.0003618784642
49,0.004631988269,0.0006134956964,0.008650480841,-1.882274687e-05,-0.000625286493,0.0005876409993
50,0.004034095032,-4.952532046e-05,0.008117715385,0.0001071934377,-0.0003908775419,0.0006052644173
51,0.00396727193,-0.000306000838,0.008240544697,1.615491318e-05,-0.0005303593891,0.0005626692154
52,0.003399247245,-0.0008007935176,0.007599288009,-7.622563906e-05,-0.0006661020792,0.0005136508011
53,0.003335412017,-0.00082146214,0.007492286174,-1.074756999e-05,-0.0005168246092,0.0004953294692
54,0.002994343612,-0.0009747045288,0.006963391753,1.004795313e-06,-0.0005459857891,0.0005479953798
55,0.002692374182,-0.001219465831,0.006604214195,-5.685383673e-05,-0.0005731982353,0.0004594905619
56,0.002427083606,-0.00131758803,0.006171755242,-5.394964449e-05,-0.0006235075572,0.0005156082683
57,0.002754813852,-0.0007952364188,0.006304864123,-5.34802485e-05,-0.0005800270474,0.0004730665504
58,0.001972086067,-0.001042793158,0.004986965291,4.34160747e-05,-0.0004196703357,0.0005065024851
59,0.001635407854,-0.001242718365,0.004513534073,2.579901698e-05,-0.0004863899117,0.0005379879457
60,0.00119451677,-0.00147302866,0.0038620622,3.061158899e-05,-0.0004693027814,0.0005305259594
61,0.001176595768,-0.001734869958,0.004088061493,6.638438882e-05,-0.0004642597603,0.000597028538
62,0.0008068664545,-0.002137088264,0.003750821173,-5.631962203e-05,-0.0005549632392,0.0004423239951
63,0.001110667067,-0.001477300323,0.003698634457,-2.038507499e-05,-0.0004608972441,0.0004201270941
64,0.00101220285,-0.001518052996,0.003542458696,-7.16753792e-05,-0.0006487932458,0.0005054424874
65,0.001120434636,-0.001185614681,0.003426483953,-1.240413244e-05,-0.0006307247101,0.0006059164452
66,0.0008958797275,-0.001499242951,0.003291002406,1.258378077e-05,-0.000512217678,0.0005373852395
67,0.0006579149324,-0.001554600365,0.002870430229,5.974301575e-05,-0.0005011653559,0.0006206513874
68,0.0008301413504,-0.001617400842,0.003277683543,-3.10749015e-05,-0.0005938003051,0.0005316505021
69,0.0009365034413,-0.001613639537,0.003486646419,-5.160424484e-05,-0.0005539895876,0.0004507810979
70,0.0007777036319,-0.001441674916,0.00299708218,4.791117003e-05,-0.0004696906867,0.0005655130268
71,0.0008015761969,-0.001548415827,0.003151568221,-8.461667153e-06,-0.0006026610971,0.0005857377628
72,0.0006636560082,-0.00149912979,0.002826441806,-5.166205589e-05,-0.0005411862431,0.0004378621313
73,0.0004660829846,-0.001902258757,0.002834424727,-7.34890088e-05,-0.0005656795771,0.0004187015595
74,0.0003352438834,-0.002162990058,0.002833477825,-8.670137441e-05,-0.0006003372283,0.0004269344795
75,0.0003883170152,-0.002065510103,0.002842144133,-0.0001198077319,-0.0006636959116,0.0004240804479
76,0.0004402283118,-0.001693330254,0.002573786877,-6.921659099e-05,-0.0006007272995,0.0004622941175
77,0.000512898196,-0.001994486277,0.003020282669,-8.597591054e-05,-0.0006350684369,0.0004631166158
78,0.0004135050419,-0.001696237827,0.002523247911,5.186394346e-05,-0.00039402634,0.0004977542269
79,0.0003633771379,-0.001868340233,0.002595094509,-4.249027703e-05,-0.0005615270198,0.0004765464657
80,0.0003703889918,-0.001976672441,0.002717450425,-4.521967865e-06,-0.0006343590857,0.00062531515
81,0.0004600393546,-0.002021392642,0.002941471352,-8.389789617e-06,-0.0005491479601,0.0005323683808
82,3.844719736e-05,-0.00253410472,0.002610999114,-7.098891702e-05,-0.0006489374009,0.0005069595669
83,-2.038004281e-05,-0.002761377487,0.002720617401,7.458162402e-06,-0.0005940811483,0.0006089974731
84,0.00014672595,-0.002348486337,0.002641938237,-9.963559395e-05,-0.0006175124779,0.00041824129
85,0.0002121872704,-0.002084821854,0.002509196395,0.00013465238,-0.0003407860532,0.0006100908132
86,0.0002154647711,-0.002177435136,0.002608364678,4.420039398e-05,-0.0004847644626,0.0005731652505
87,0.0001734361403,-0.002029400808,0.002376273088,-5.041742562e-05,-0.00061917542,0.0005183405687
88,0.000315810639,-0.001470783332,0.00210240461,-5.932527905e-05,-0.0005792222212,0.0004605716631
89,0.0002821916548,-0.00137845245,0.00194283576,-7.487073008e-05,-0.0006479195048,0.0004981780447
90,0.0005710062013,-0.001139404052,0.002281416454,8.336917416e-05,-0.0004415573982,0.0006082957465
91,0.0007529818428,-0.00115373924,0.002659702925,-3.721847744e-05,-0.0005547019812,0.0004802650263
92,0.0006249302114,-0.001321846922,0.002571707345,-6.732190341e-06,-0.0006538271595,0.0006403627788
93,0.0003773847487,-0.001448848676,0.002203618173,6.781208999e-05,-0.0004574534633,0.0005930776432
94,0.0002193262458,-0.001658200047,0.002096852539,0.0001197198173,-0.0003496903114,0.0005891299459
95,0.0002476060127,-0.001594087912,0.002089299938,4.76191203e-05,-0.0004113836717,0.0005066219123
96,0.0002236947224,-0.001772549294,0.002219938739,6.869897239e-05,-0.0004478898244,0.0005852877692
97,0.0001288390385,-0.001863490514,0.002121168591,1.692281692e-05,-0.0005704855579,0.0006043311918
98,0.0001551258046,-0.001706103668,0.002016355277,1.826899621e-05,-0.0004521926294,0.0004887306219
99,7.918430185e-05,-0.001737624455,0.001895993058,-6.705307244e-05,-0.000609771342,0.0004756651971
100,-0.0001155037526,-0.001921967352,0.001690959846,3.778220915e-05,-0.0004410460613,0.0005166104796
