sweep,Eu_primal_k2,Eu_dual_k2,Eu_primal_k4,Eu_dual_k4,Eu_primal_k8,Eu_dual_k8,Eu_primal_k16,Eu_dual_k16,Eu_primal_k32,Eu_dual_k32
0,3.697118112,1015.781153,0.9987968708,3879.420567,0.9711550349,15327.85251,0.9775968592,61645.66033,0.9866427839,247486.1186
1,2.373461074,44.81434127,0.7981937787,47.23547051,0.8879489359,7.01888819,0.9412719591,0.01187301656,0.9699496448,0.03590231638
2,1.935584781,4.904068589,0.7212301109,2.531564284,0.8482837601,0.01320275385,0.9213026068,0.02123723452,0.9599149109,0.02071537546
3,1.655487642,0.8982127455,0.6665795518,0.2596121808,0.8175748874,0.01084456617,0.9045945657,0.006984399022,0.95119679,0.02799271278
4,1.436429002,0.2531214176,0.6241989912,0.04378004838,0.7913514741,-0.006758675642,0.8902170892,0.01289952669,0.9434929635,0.01632424438
5,1.259772351,0.1146875188,0.5823360496,0.00883624567,0.7658709413,0.01123731848,0.8758371325,0.01792462977,0.9357808512,0.03150162346
6,1.100769334,0.06886893082,0.546471992,0.0137484741,0.7425785931,0.01198042451,0.8624064852,-0.01526382345,0.9285525346,0.009950130652
7,0.9579285987,0.0473996135,0.5134391547,-0.007637392363,0.7198328395,0.01001851671,0.8489578434,0.013230464,0.9212648306,0.02330632236
8,0.837604583,0.03843305698,0.4838971624,0.011959088,0.6975763373,0.01435165014,0.8355058335,0.005150711025,0.9139778107,0.01551594764
9,0.7398387613,0.04116281285,0.4573228979,0.0007252266749,0.6762936459,0.006478448383,0.822784756,0.01690614856,0.9069417932,0.01365595132
10,0.6499497622,0.03341368262,0.4277846968,0.009741877087,0.6542691985,0.007594844925,0.8095346846,0.01189714837,0.8997085461,0.01051759399
11,0.5671511065,0.01687655335,0.400775052,0.003678480032,0.6324732375,0.007334299764,0.7961436349,-0.0003898543059,0.8922261582,0.006852843829
12,0.4927697569,0.02131357546,0.3731838578,0.0008429955742,0.6108599734,-0.004188358354,0.7821043894,0.008880456764,0.8845378231,0.002120823094
13,0.4357578099,0.001822364287,0.3499947479,-0.001728760461,0.5908668505,-0.004294590499,0.7692755657,-0.005868848406,0.8771316898,-0.001058172992
14,0.388213231,-0.00356919421,0.3305493311,-0.0004147697908,0.5738511691,0.00127613775,0.7576028051,0.01144340185,0.8704518257,0.00896207293
15,0.3460867036,0.01333784111,0.3114527551,0.001260299489,0.55811527,0.003062591888,0.7467656773,0.007586934876,0.8641442317,0.007016264269
16,0.3011795232,0.006164287022,0.2938456888,0.0003849917993,0.5423520297,-0.006417944782,0.7361041109,0.008785587912,0.8580082369,-0.004279136423
17,0.2644261577,0.0005177468557,0.2783580778,0.001764509201,0.5262061082,0.01268363689,0.7253853478,-0.0008869105215,0.8516850096,0.009345100785
18,0.2332177034,-0.0003142855684,0.2611895415,0.002318791523,0.5095256337,0.005387470969,0.7141117239,0.006734474655,0.844961265,0.03064131565
19,0.2063304469,0.0006570630804,0.2469802546,-0.007944495732,0.4950112387,0.004261388388,0.703924561,0.007499393734,0.8387318132,0.0003268366959
20,0.183944234,0.003374214598,0.2305866373,-0.01465103952,0.4774989087,-0.01819866484,0.6918269048,0.01850567631,0.8315875911,0.007875439969
21,0.1602700035,0.006397342681,0.2164705961,-0.01042804201,0.4632731912,0.003301709686,0.6815982051,0.0009298233487,0.8253618043,-0.007416177981
22,0.1416540775,0.01181215219,0.2033818889,0.01065073336,0.45112458,-0.01004570775,0.6715878471,0.007604724647,0.8191870032,0.01075462576
23,0.1211270388,0.004076329714,0.1898015788,-0.002070631671,0.4370553287,-0.005562996177,0.6603500468,-0.001740325497,0.8121969944,-0.006231395516
24,0.1097444483,0.004643007317,0.1779298686,0.01367230124,0.4230354858,-0.006920766283,0.6496670476,0.02104642124,0.8054567377,-0.01513061599
25,0.1007248521,0.0105018829,0.1688765365,0.01474145298,0.4105679854,0.0006806886327,0.6403714246,0.007235679796,0.7994740467,-0.006201994859
26,0.08800024654,0.002988161962,0.1587813307,-0.0005544973068,0.3977875419,0.008587700491,0.6302242794,0.01269543239,0.7931228278,0.02217837525
27,0.08047827491,-0.01521408118,0.148801912,0.008959295152,0.3848998444,-0.00310419784,0.6203489572,-0.0162891728,0.7868199244,0.002979541784
28,0.07203373763,0.002368513244,0.1429989193,0.001866325317,0.3759386908,0.00281724356,0.6124902994,0.004591361575,0.7818466515,0.009432126888
29,0.06360105375,-0.006863306718,0.1368940574,0.01371532045,0.3669774787,-0.001020769189,0.604582416,0.0006372776998,0.7768303275,-0.006988799859
30,0.0541619462,-0.004867446628,0.1282244822,0.001214469884,0.3541772917,-0.01439439238,0.5946508809,-0.000360877711,0.7702839684,0.005517816696
31,0.04520740879,-0.001063660447,0.1205588409,-0.009993579212,0.3427817335,-0.007420020891,0.5854396385,0.01085953834,0.7641461315,-0.01552608791
32,0.04018679554,0.002635110475,0.1150408863,0.01271471676,0.3342157299,0.01360888413,0.5774815594,-0.005609734674,0.7591242138,0.007072008842
33,0.03431465244,-0.0003883742373,0.1081235457,0.01352358619,0.3236199989,0.001919134267,0.5680616974,0.0004955961499,0.7530476274,-0.01868515916
34,0.02761733257,-0.01300495979,0.1002017431,-0.01268848361,0.3127663047,-0.008256311809,0.5578639061,0.006809496971,0.7464657955,0.006416277083
35,0.02664844804,0.005213100664,0.09552794497,-0.003243959744,0.3037056217,-0.01554535115,0.5499417344,0.002944914259,0.7409983948,-0.001832567382
36,0.02531972282,0.0006462758752,0.08943301742,-0.004390132875,0.2935521263,-0.003499526279,0.5409936402,-0.009912196308,0.7349043847,-0.008867737175
37,0.02366795179,-0.008806275015,0.08522975315,-0.001024794614,0.2853948382,0.006970843562,0.5332501941,-0.0127341427,0.729443843,0.004574912697
38,0.0210723036,-0.01424263707,0.08089963605,-0.007463232434,0.2774889022,-0.02274093256,0.5248089954,0.01626550791,0.7239752553,0.01831136152
39,0.01946637015,-0.004308871779,0.07668287056,-0.009750052287,0.270263227,-0.01111630233,0.5176452119,-0.000985849083,0.7189062615,0.004938258574
40,0.01745389578,0.001123663653,0.0728763873,-0.002031945679,0.2638417367,0.005256109517,0.5108361688,0.0001611111129,0.7142477174,-0.004635010438
41,0.01557961255,0.01119291267,0.06844467832,0.01157355999,0.2556434511,-0.007863919491,0.5034525867,0.01287306648,0.7086203425,-0.002519209061
42,0.01529511961,0.004793025522,0.06402316268,-0.009020969281,0.2480375683,0.004779338867,0.4950453649,-0.006335441675,0.7027214153,-0.009041342118
43,0.01377935693,-0.005778246278,0.06149875324,-0.0141984658,0.2418249492,0.01193701094,0.4883793801,0.007834482624,0.6978296786,-0.006121997205
44,0.01182475486,-0.005988285406,0.05823722917,0.003421066153,0.2351417895,-0.009020372389,0.4814592696,0.01339314028,0.6929750718,0.01021061807
45,0.01100458487,0.008073049413,0.05632188326,0.003717062898,0.2296336261,-0.01272161919,0.4750523365,0.01325442356,0.6883568655,-0.006296400411
46,0.01026220047,0.002010804834,0.05334069589,0.005441630477,0.2230327629,0.01211787038,0.4676080553,0.01582078615,0.6832251558,-0.01887576275
47,0.009625197397,0.003066867401,0.04880188005,0.0220419653,0.2147002411,0.001652221369,0.4589395486,0.01042599796,0.6770829164,-0.000526141329
48,0.008751247785,-0.01280435214,0.0459455862,0.004369566856,0.2080623033,-0.0006279606139,0.4521800069,-0.00662065391,0.6717849061,0.002215590244
49,0.007870551459,0.001404923005,0.04221028303,0.007575908365,0.1997313241,-0.00361580674,0.4439786555,-0.01930916913,0.6656800233,-0.005048250323
50,0.006169156785,0.004248813829,0.04079537864,0.01088214755,0.1938823816,0.002838391607,0.4380180699,0.003481716257,0.6611085842,-0.007025642615
51,0.006013616106,0.007714641816,0.03889474801,-0.002105302079,0.1888031394,0.006231430751,0.4329723297,0.005753551147,0.6566540796,0.009183602193
52,0.005502089599,-0.01069217648,0.03653696159,-0.0003225348689,0.1830923385,-0.006207708356,0.426295615,-0.01261725232,0.6516467094,-0.003602245642
53,0.004322095026,-0.01630824515,0.03366463822,0.003669403454,0.1762983546,0.01378492669,0.4189045554,0.004686689746,0.6460625016,-0.0004044378242
54,0.003274337658,0.002630022215,0.03101147857,-0.0207248425,0.1700964925,-0.002741107262,0.4113555422,-0.009597507149,0.6403719057,-0.008676130097
55,0.003502472384,-0.006197970021,0.02856307209,0.002764545139,0.1646152241,-0.0113282068,0.4048103172,-0.005216438957,0.6352764165,-0.008627834678
56,0.003432865022,0.01176570575,0.02628391777,-0.004076818579,0.1583507504,-8.468080927e-05,0.3970452985,0.008059934331,0.6291058183,-0.008360169302
57,0.003465579828,0.007286159582,0.02481136323,0.009783104341,0.1537722173,-0.0007929429093,0.3909282187,0.003128989451,0.6242628073,-0.001802099653
58,0.00328560209,-0.002885452662,0.02281489233,0.008567595983,0.1479905472,0.005190696099,0.3843977063,0.02681742387,0.6190962546,0.01011730878
59,0.001955744728,0.003485809245,0.02127453485,-0.0008528811933,0.1433093663,-0.00228845818,0.377887702,0.02199495087,0.6138770325,-0.00179997903
60,0.001610102628,-0.004346866657,0.01957235832,0.01363845798,0.1389902919,-0.008521407725,0.3718341527,0.007777316265,0.6090200547,0.0005269653263
61,0.001278298204,0.01145995395,0.01812582628,-0.02290189045,0.1335879819,-0.00242611999,0.3652123256,0.01286355342,0.6037766252,-0.005068508532
62,0.001318300244,0.006575770749,0.01714118358,0.009731848247,0.1307765629,-0.006778603856,0.3605618323,-0.006241996321,0.5997146863,-0.01356979289
63,0.0005757283086,0.01897533268,0.01590328902,-0.006305939568,0.1260449619,0.00869129307,0.3545093211,0.0129115234,0.5946801313,-0.009397160764
64,0.0008849169345,0.01331498463,0.01535167632,-0.01235458728,0.1219258477,-0.002690175751,0.3487739059,0.004115999505,0.5895412216,-0.02444960896
65,0.001104384446,-0.005254213952,0.01411257712,0.004238513412,0.1176647183,-0.007936173587,0.3431733228,0.005592989718,0.584887403,-0.009721761404
66,0.0002709311996,0.002599598056,0.01344718902,0.004502000762,0.11416141,0.004402821448,0.3387808243,0.005338781634,0.5810022073,-0.002271208698
67,0.0005469588081,0.002447438812,0.01355698532,-0.001555797218,0.1117702796,-0.001791852526,0.3339074427,0.004669906132,0.5769815904,-0.0161346363
68,0.00140391046,0.008700445237,0.0125691033,-0.01980646396,0.1068831442,-0.004298093536,0.3277699083,0.01077070425,0.5716473737,0.002828104143
69,0.00147009179,0.005354866453,0.01083913315,-0.002976786011,0.1023547729,-0.007549795947,0.3215416475,-0.002979081804,0.5664624769,0.001029277871
70,0.00119040154,0.002773295862,0.009984054228,-0.01344907071,0.09869993351,0.0002342486547,0.3158158721,-0.005661840975,0.5615465126,-0.02599619162
71,0.001388950227,0.01039618947,0.009683200881,0.0009451824929,0.09609304295,0.008381989224,0.3105736731,-3.840939763e-05,0.5570394781,-0.0115576813
72,0.001193747555,-0.007617339389,0.009169860958,-0.007895590585,0.09338310083,-0.01009893767,0.3060008053,0.01272192865,0.5531021521,0.0155151061
73,0.0007102061548,-0.01174753184,0.009590718906,0.008774254382,0.09290024731,0.005738295672,0.3032908929,-0.0008730069288,0.5504375562,0.02164543436
74,0.0006775089747,0.003627427874,0.009401392882,-0.007892096829,0.09105881641,-0.0008287113286,0.2995928941,0.008476482482,0.5469726614,0.002982323962
75,0.0005753382036,0.006409010498,0.007854541458,0.008156693954,0.08600206207,-0.001241382449,0.2926182018,-0.0181311157,0.5409598809,0.01388265231
76,0.0003071975136,0.001970382159,0.006981264693,0.008588585913,0.0822775183,-0.005563129894,0.2870265341,0.00854697186,0.5358053025,-0.003606738032
77,-0.0001348573317,0.005439719012,0.006414611545,7.220916163e-05,0.07961775624,-0.007566230959,0.2824024206,0.00634475839,0.5316530004,-0.006861463131
78,-0.0002838001703,-0.0007353907939,0.005933400377,-0.003947742296,0.07670293917,0.01082876562,0.277511486,-0.009944099316,0.5272350991,-0.00151108451
79,-0.0005400853617,-0.001296562516,0.005829151184,0.003762818171,0.07539196699,-0.01068324302,0.2737294276,-0.01012032405,0.5237126623,0.01077421061
80,0.0004244616937,-0.0003488650992,0.005063403294,-0.006817462737,0.07209999098,-0.0006088577377,0.2681744943,0.001485887278,0.5186911803,0.02351468923
81,-7.276741992e-05,0.007423978819,0.004197633335,-0.02387602011,0.0692226739,0.001306477863,0.2631808886,0.00340207782,0.5140738846,-0.008191385723
82,0.0004052791952,0.001652620417,0.004182463835,0.006719669498,0.06805148519,-0.007384513058,0.2602712232,-0.006932872087,0.5111777873,-0.004750490118
83,0.0006382761955,0.004927545304,0.003871319075,0.001298739401,0.06569094712,0.01131213792,0.2557983272,-0.004376847393,0.5069782515,-0.001101769824
84,0.001517938242,0.0002826091759,0.003560838207,-0.006729227815,0.06327856224,-0.009638682834,0.2510385645,0.005526810949,0.5027257322,-0.01107557908
85,0.001541070515,-0.007048211277,0.003317625425,0.0008483786118,0.06057314446,-0.01024754668,0.2462994766,-0.009453171473,0.4980800934,-0.006672599483
86,0.0006221133916,0.007028725383,0.003184305404,0.01085525779,0.05920806976,-0.005854546587,0.2427859385,0.01213693309,0.494446738,0.008064884959
87,0.0006462915518,-0.0009641847353,0.003620078599,-0.001975519118,0.05841279156,0.0003621658644,0.2405234881,-0.01383668223,0.4913305327,-0.00190807818
88,0.000474530978,-0.01541533444,0.003353632323,0.009177035526,0.05645413885,-0.002905039345,0.2367486068,0.009127971058,0.4873600998,0.006705565509
89,0.0002742441676,0.002372431642,0.002967399813,-0.006304428774,0.05388282223,0.002233932654,0.232469658,-0.01236607212,0.4831215145,-0.003182210078
90,0.0001677399851,-0.001608673753,0.002815010229,0.0002939186258,0.05246536123,0.0136422191,0.2289230476,0.0004840773944,0.4795727951,-0.007674530761
91,-0.0003274482325,-0.002363430965,0.002824711734,0.003482256262,0.05133080591,0.002433612764,0.2257177594,0.02012083049,0.4760609588,-0.00562079725
92,-0.0006428448376,-0.007209127745,0.002690798493,-0.002559731561,0.04939292729,-0.002749573618,0.2219551209,-0.00660238486,0.4720077021,-0.001481012703
93,-0.0003636795815,0.01146368882,0.002214847737,-0.006790781454,0.04738710107,-0.01002874315,0.2182179087,-0.003701766101,0.4680507809,-0.0006460021448
94,-0.0004483859493,0.0005466525974,0.002175169482,0.0117232246,0.04585836857,-0.004483358828,0.214566487,-0.01084682305,0.4642266913,0.005108321794
95,-0.0006630270792,0.0004543599347,0.002685276679,-0.001002692684,0.04702816014,0.01783465252,0.2138318648,-0.01297184356,0.4625849076,-0.02006483446
96,-0.0006359369207,0.009387487165,0.002720155019,-0.006717989555,0.04555819514,-0.003539419202,0.2105461918,0.01263987241,0.4591969553,-0.0092391888
97,-0.0005133742028,0.00530676858,0.002245772667,-0.002772439529,0.04323393446,0.005760826177,0.2060589474,0.001723179289,0.4545474158,0.001676932961
98,-0.0003722897373,-0.006589849332,0.002406429918,0.01195126728,0.04308855154,-0.005510847489,0.204439059,0.002174950329,0.4524298232,-0.01122011044
99,0.0004118542835,0.0007445652642,0.002405309357,0.0149404976,0.04256614797,-0.01295351417,0.2023543112,-0.0006325224956,0.449991595,0.005273512875
100,0.0004107453855,0.0008191433275,0.002244014057,0.001737082913,0.04121942047,-0.0003353744847,0.198802363,-0.006015249986,0.4461807769,-0.009810483901
